"OBJECTID","WR_DOC_ID","WR_Doc_POU_ID","WR_Doc_NR"
"57208","2142444",,"G3-*00992"
"57716","2141844",,"G3-*03761CWRIS"
"57742","2141881",,"G3-*03882CWRIS"
"57765","2141909",,"G3-*03962CWRIS"
"57969","2141529",,"G3-*04755CWRIS"
"58258","2141217",,"G3-*06186C"
"59331","2128972",,"G3-001897CL"
"77035","2138865",,"G3-21183C"
"77342","2139889",,"G3-22041C"
"77396","2138731",,"G3-22206CWRIS"
"77965","2138246",,"G3-24120CWRIS"
"78048","2144627",,"G3-24439"
"78134","2138368",,"G3-24633C"
"78328","2138215",,"G3-25151C"
"78599","2137810",,"G3-25971CWRIS"
"79041","2137516",,"G3-27454GWRIS"
"133028","2136604",,"S3-*08045CWRIS"
"133294","2136302",,"S3-*10765CWRIS"
"133322","2136335",,"S3-*10977CWRIS"
"133347","2136363",,"S3-*11194CWRIS"
"133417","2136136",,"S3-*11818CWRIS"
"133708","2135638",,"S3-*14581CWRIS"
"133747","2135691",,"S3-*15171JWRIS  "
"134002","2135385",,"S3-*18406CWRIS"
"134751","2134089",,"S3-*30047J"
"134951","2133600",,"S3-*42010JWRIS"
"135194","2133268",,"S3-*53019JWRIS"
"163009","2135638",,"SWC07169"
"163010","2135638",,"SWC07169"
