"WR_Doc_ID","tracking_primary_number","tracking_party_name_unverified","tracking_party_role","priority_date","tracking_status","purpose_codes","mapped_pou_feature_count","mapped_objectids","mapped_document_numbers","number_check","review_flags","current_holder_name","holder_evidence_type","holder_evidence_url_or_file","holder_evidence_date","holder_review_status","review_notes"
"2135691","S3-*15171JWRIS","STEIN JOHN","Primary","1885-01-01","Active","IR DS ST      ",1,"133747","S3-*15171JWRIS","primary number among mapped numbers","","","","","","unverified",""
"2134089","S3-*30047J","W Graham","Primary","1888-01-01","Active","IR IR       ",1,"134751","S3-*30047J","primary number among mapped numbers","","","","","","unverified",""
"2133600","S3-*42010JWRIS","HENTGES J","Primary","1905-01-01","Active","IR        ",1,"134951","S3-*42010JWRIS","primary number among mapped numbers","","","","","","unverified",""
"2133268","S3-*53019J","CAMERON A M ET AL","Primary","1914-01-01","Active","IR        ",1,"135194","S3-*53019JWRIS","primary number differs from mapped number","document number needs review","","","","","unverified",""
"2128972","G3-001897CL","OWEN B. MCCROSKEY","Primary","1939-01-01","Active","DG IR       ",1,"59331","G3-001897CL","primary number among mapped numbers","","","","","","unverified",""
"2136604","S3-*08045CWRIS","KIMM R K","Primary","1947-09-30","Active","IR        ",1,"133028","S3-*08045CWRIS","primary number among mapped numbers","","","","","","unverified",""
"2142444","G3-*00992","D Huntley","Primary","1948-09-11","Active","IR        ",1,"57208","G3-*00992","primary number among mapped numbers","","","","","","unverified",""
"2136302","S3-*10765CWRIS","PARKER O B","Primary","1951-10-01","Active","IR        ",1,"133294","S3-*10765CWRIS","primary number among mapped numbers","","","","","","unverified",""
"2136335","S3-*10977CWRIS","WAGNER F E","Primary","1952-01-17","Active","IR        ",1,"133322","S3-*10977CWRIS","primary number among mapped numbers","","","","","","unverified",""
"2136363","S3-*11194CWRIS","WISE L","Primary","1952-03-26","Active","IR        ",1,"133347","S3-*11194CWRIS","primary number among mapped numbers","","","","","","unverified",""
"2128368","G3-003440CL","CARL J. NORDHEIM","Primary","1952-06-01","Active","DG IR ST      ",0,"","","no mapped polygon","no polygon in this layer","","","","","unverified",""
"2136136","S3-*11818CWRIS","COURCHAINE G","Primary","1952-11-05","Active","IR        ",1,"133417","S3-*11818CWRIS","primary number among mapped numbers","","","","","","unverified",""
"2141844","G3-*03761CWRIS","ROBERTS H G","Primary","1954-09-09","Active","DS IR       ",1,"57716","G3-*03761CWRIS","primary number among mapped numbers","","","","","","unverified",""
"2141881","G3-*03882CWRIS","GUGLIELMELLI J","Primary","1955-02-18","Active","DS IR       ",1,"57742","G3-*03882CWRIS","primary number among mapped numbers","","","","","","unverified",""
"2141909","G3-*03962CWRIS","HUDSON V H","Primary","1955-04-14","Active","IR        ",1,"57765","G3-*03962CWRIS","primary number among mapped numbers","","","","","","unverified",""
"2135638","S3-*14581CWRIS","ARMSTRONG H L","Primary","1957-11-18","Active","IR        ",3,"133708; 163009; 163010","S3-*14581CWRIS; SWC07169","primary number among mapped numbers","multiple polygons for document","","","","","unverified",""
"2141529","G3-*04755CWRIS","BYRNES E C","Primary","1958-01-06","Active","DS IR       ",1,"57969","G3-*04755CWRIS","primary number among mapped numbers","","","","","","unverified",""
"2135780","S3-*15951CWRIS","BLY D M","Primary","1960-03-15","Active","IR        ",0,"","","no mapped polygon","no polygon in this layer","","","","","unverified",""
"2141217","G3-*06186C","Norman Welch","Primary","1962-02-20","Active","IR        ",1,"58258","G3-*06186C","primary number among mapped numbers","","","","","","unverified",""
"2135385","S3-*18406CWRIS","YOUNG H F","Primary","1964-03-18","Active","FS IR       ",1,"134002","S3-*18406CWRIS","primary number among mapped numbers","","","","","","unverified",""
"2139714","G3-00232CWRIS","HARRINGTON & DNR","Primary","1971-06-22","Active","DS IR       ",0,"","","no mapped polygon","no polygon in this layer","","","","","unverified",""
"2138865","G3-21183C","Warden Hutterian Brethren c/o Paul Wollman","Primary","1973-05-22","Active","IR        ",1,"77035","G3-21183C","primary number among mapped numbers","","","","","","unverified",""
"2139889","G3-+22041CWRIS","WISE ROBERT S","Primary","1973-11-02","Active","DS IR       ",1,"77342","G3-22041C","primary number differs from mapped number","document number needs review","","","","","unverified",""
"2138731","G3-22206CWRIS","VIGIL GERALD D","Primary","1973-12-10","Active","DS ST IR      ",1,"77396","G3-22206CWRIS","primary number among mapped numbers","","","","","","unverified",""
"2138246","G3-24120CWRIS","WOLF DONALD D","Primary","1975-03-04","Active","IR        ",1,"77965","G3-24120CWRIS","primary number among mapped numbers","","","","","","unverified",""
"2144627","G3-24439","G Ransom","Primary","1975-04-17","Active","DS IR       ",1,"78048","G3-24439","primary number among mapped numbers","","","","","","unverified",""
"2138368","G3-24633C","Warren Hamlin","Primary","1975-10-11","Active","IR        ",1,"78134","G3-24633C","primary number among mapped numbers","","","","","","unverified",""
"2138215","G3-25151GWRIS","CAMPBELL DAVID B","Primary","1976-12-22","Active","DS FS IR      ",1,"78328","G3-25151C","primary number differs from mapped number","document number needs review","","","","","unverified",""
"2137810","G3-25971CWRIS","Newport School Dist 56","Primary","1978-06-08","Active","IR        ",1,"78599","G3-25971CWRIS","primary number among mapped numbers","","","","","","unverified",""
"2137516","G3-27454GWRIS","THALE FRANK LEO","Primary","1983-01-28","Active","IR        ",1,"79041","G3-27454GWRIS","primary number among mapped numbers","","","","","","unverified",""
