county_fips,parcel_id,landuse_code,feature_row_id
077,077-12070814001,81,3217224
077,077-12070814001,81,3217225
077,077-14071144002,81,3218862
077,077-14071144002,81,3218863
077,077-15120123002,83,3220175
077,077-15120123002,83,3220176
077,077-15121214002,83,3220338
077,077-15121214002,83,3220339
077,077-15121823002,81,3220481
077,077-15121823002,81,3220482
077,077-15122334002,81,3220526
077,077-15122334002,81,3220527
077,077-15132611001,83,3220874
077,077-15132611001,83,3220875
077,077-15133511003,83,3220944
077,077-15133511003,83,3220945
077,077-15150634002,81,3221188
077,077-15150634002,81,3221189
077,077-15150634002,81,3221190
077,077-15151142004,81,3221245
077,077-15151142004,81,3221246
077,077-15162011001,81,3221553
077,077-15162011001,81,3221554
077,077-15162733001,81,3221622
077,077-15162733001,81,3221623
077,077-15162733001,81,3221624
077,077-15162844001,81,3221813
077,077-15162844001,81,3221814
077,077-15163421002,81,3221854
077,077-15163421002,81,3221855
077,077-15163421002,81,3221856
077,077-15163423001,83,3221861
077,077-15163423001,83,3221862
077,077-15163423001,83,3221863
077,077-16102511001,81,3222180
077,077-16102511001,81,3222181
077,077-16120814003,83,3222482
077,077-16120814003,83,3222483
077,077-16120814003,83,3222484
077,077-16120834001,83,3222511
077,077-16120834001,83,3222512
077,077-16120932004,83,3222576
077,077-16120932004,83,3222577
077,077-16121011002,83,3222598
077,077-16121011002,83,3222599
077,077-16121222002,83,3222691
077,077-16121222002,83,3222692
077,077-16121511001,83,3222765
077,077-16121511001,83,3222766
077,077-16121511001,83,3222767
077,077-16121614002,81,3222777
077,077-16121614002,81,3222778
077,077-16121622001,81,3222780
077,077-16121622001,81,3222781
077,077-16121631002,81,3222785
077,077-16121631002,81,3222786
077,077-16130511002,81,3222925
077,077-16130511002,81,3222926
077,077-16130531001,81,3222927
077,077-16130531001,81,3222928
077,077-16130531002,81,3222929
077,077-16130531002,81,3222930
077,077-16130532001,81,3222931
077,077-16130532001,81,3222932
077,077-16130532002,81,3222933
077,077-16130532002,81,3222934
077,077-16130711001,81,3222951
077,077-16130711001,81,3222952
077,077-16130821001,81,3222957
077,077-16130821001,81,3222958
077,077-16140122001,83,3223423
077,077-16140122001,83,3223424
077,077-16140213003,81,3223466
077,077-16140213003,81,3223467
077,077-16140213003,81,3223468
077,077-16140213003,81,3223469
077,077-16140231001,81,3223472
077,077-16140231001,81,3223473
077,077-16140231001,81,3223474
077,077-16140734001,81,3223493
077,077-16140734001,81,3223494
077,077-16140734001,81,3223495
077,077-16140734001,81,3223496
077,077-16141111002,83,3223518
077,077-16141111002,83,3223519
077,077-16141111002,83,3223520
077,077-16141431002,83,3223746
077,077-16141431002,83,3223747
077,077-16142323004,83,3223774
077,077-16142323004,83,3223775
077,077-16142414002,83,3223795
077,077-16142414002,83,3223796
077,077-16142432002,83,3223814
077,077-16142432002,83,3223815
077,077-16142433001,83,3223816
077,077-16142433001,83,3223817
077,077-16142433001,83,3223818
077,077-16142441003,83,3223823
077,077-16142441003,83,3223824
077,077-16143311001,81,3223856
077,077-16143311001,81,3223857
077,077-16143311002,81,3223858
077,077-16143311002,81,3223859
077,077-16143312001,81,3223860
077,077-16143312001,81,3223861
077,077-16143312002,81,3223862
077,077-16143312002,81,3223863
077,077-16143321001,81,3223864
077,077-16143321001,81,3223865
077,077-16143322001,81,3223866
077,077-16143322001,81,3223867
077,077-16143322002,81,3223868
077,077-16143322002,81,3223869
077,077-16143323001,81,3223870
077,077-16143323001,81,3223871
077,077-16143331001,81,3223872
077,077-16143331001,81,3223873
077,077-16143332001,81,3223874
077,077-16143332001,81,3223875
077,077-16143333001,81,3223876
077,077-16143333001,81,3223877
077,077-16143334001,81,3223878
077,077-16143334001,81,3223879
077,077-16143411001,81,3223884
077,077-16143411001,81,3223885
077,077-16143521001,81,3223891
077,077-16143521001,81,3223892
077,077-16143613403,81,3223893
077,077-16143613403,81,3223894
077,077-16143613403,81,3223895
077,077-16151732001,81,3223920
077,077-16151732001,81,3223921
077,077-16151812001,81,3223923
077,077-16151812001,81,3223924
077,077-16151812001,81,3223925
077,077-16152023002,81,3223965
077,077-16152023002,81,3223966
077,077-16152111001,81,3223986
077,077-16152111001,81,3223987
077,077-16152111001,81,3223988
077,077-16152733001,81,3223992
077,077-16152733001,81,3223993
077,077-16152812002,81,3223995
077,077-16152812002,81,3223996
077,077-16152812002,81,3223997
077,077-16153511002,81,3224008
077,077-16153511002,81,3224009
077,077-16153531001,81,3224032
077,077-16153531001,81,3224033
077,077-16153531001,81,3224034
077,077-16160233001,81,3224402
077,077-16160233001,81,3224403
077,077-16161323001,83,3224431
077,077-16161323001,83,3224432
077,077-16161334001,81,3224439
077,077-16161334001,81,3224440
077,077-16161334001,81,3224441
077,077-16161334001,81,3224442
077,077-16161334001,81,3224443
077,077-16161334001,81,3224444
077,077-16161341001,81,3224445
077,077-16161341001,81,3224446
077,077-16161343001,81,3224449
077,077-16161343001,81,3224450
077,077-16162412001,81,3224478
077,077-16162412001,81,3224479
077,077-16162412001,81,3224480
077,077-16162412001,81,3224481
077,077-16162421001,81,3224482
077,077-16162421001,81,3224483
077,077-17100641003,81,3224913
077,077-17100641003,81,3224914
077,077-17100731402,81,3224916
077,077-17100731402,81,3224917
077,077-17100731402,81,3224918
077,077-17111322007,81,3225070
077,077-17111322007,81,3225071
077,077-17111322402,81,3225073
077,077-17111322402,81,3225074
077,077-17111413001,83,3225079
077,077-17111413001,83,3225080
077,077-17111431001,83,3225089
077,077-17111431001,83,3225090
077,077-17111431001,83,3225091
077,077-17111433001,83,3225092
077,077-17111433001,83,3225093
077,077-17112213001,83,3225206
077,077-17112213001,83,3225207
077,077-17112231001,83,3225209
077,077-17112231001,83,3225210
077,077-17112231001,83,3225211
077,077-17112231001,83,3225212
077,077-17112232001,81,3225214
077,077-17112232001,81,3225215
077,077-17112343408,81,3225232
077,077-17112343408,81,3225233
077,077-17112724002,81,3225264
077,077-17112724002,81,3225265
077,077-17112724002,81,3225266
077,077-17113212001,81,3225311
077,077-17113212001,81,3225312
077,077-17113224401,81,3225321
077,077-17113224401,81,3225322
077,077-17113243001,81,3225324
077,077-17113243001,81,3225325
077,077-17113541001,81,3225332
077,077-17113541001,81,3225333
077,077-17120121002,83,3225430
077,077-17120121002,83,3225431
077,077-17120122001,83,3225432
077,077-17120122001,83,3225433
077,077-17120123005,83,3225439
077,077-17120123005,83,3225440
077,077-17120123005,83,3225441
077,077-17120143001,83,3225524
077,077-17120143001,83,3225525
077,077-17120711003,83,3225981
077,077-17120711003,83,3225982
077,077-17120711003,83,3225983
077,077-17121811002,83,3226571
077,077-17121811002,83,3226572
077,077-17130141005,83,3226686
077,077-17130141005,83,3226687
077,077-17130431002,81,3226850
077,077-17130431002,81,3226851
077,077-17131311001,81,3227068
077,077-17131311001,81,3227069
077,077-17131311002,81,3227070
077,077-17131311002,81,3227071
077,077-17131311003,81,3227072
077,077-17131311003,81,3227073
077,077-17131422402,81,3227090
077,077-17131422402,81,3227091
077,077-17132111402,83,3227373
077,077-17132111402,83,3227374
077,077-17132122400,83,3227402
077,077-17132122400,83,3227403
077,077-17132122401,83,3227404
077,077-17132122401,83,3227405
077,077-17133033001,83,3229026
077,077-17133033001,83,3229027
077,077-17133123003,81,3229080
077,077-17133123003,81,3229081
077,077-17133131001,83,3229084
077,077-17133131001,83,3229085
077,077-17133132001,83,3229087
077,077-17133132001,83,3229088
077,077-17140233010,83,3229776
077,077-17140233010,83,3229777
077,077-17140233010,83,3229778
077,077-17140424023,81,3230325
077,077-17140424023,81,3230326
077,077-17140432003,81,3230347
077,077-17140432003,81,3230348
077,077-17140511005,83,3230458
077,077-17140511005,83,3230459
077,077-17140522001,81,3230494
077,077-17140522001,81,3230495
077,077-17140641409,83,3230557
077,077-17140641409,83,3230558
077,077-17140912008,81,3230759
077,077-17140912008,81,3230760
077,077-17141022404,81,3230887
077,077-17141022404,81,3230888
077,077-17141113006,81,3230944
077,077-17141113006,81,3230945
077,077-17141121001,83,3230947
077,077-17141121001,83,3230948
077,077-17141223001,83,3231011
077,077-17141223001,83,3231012
077,077-17141323001,83,3231038
077,077-17141323001,83,3231039
077,077-17141411003,83,3231079
077,077-17141411003,83,3231080
077,077-17141512001,83,3231112
077,077-17141512001,83,3231113
077,077-17141512001,83,3231114
077,077-17141512001,83,3231115
077,077-17141614012,83,3231199
077,077-17141614012,83,3231200
077,077-17141614012,83,3231201
077,077-17141741001,83,3231296
077,077-17141741001,83,3231297
077,077-17142012004,83,3231978
077,077-17142012004,83,3231979
077,077-17142043008,83,3232063
077,077-17142043008,83,3232064
077,077-17142131003,83,3232107
077,077-17142131003,83,3232108
077,077-17143214001,83,3232909
077,077-17143214001,83,3232910
077,077-17143233001,83,3232934
077,077-17143233001,83,3232935
077,077-17143424009,81,3233105
077,077-17143424009,81,3233106
077,077-17143444401,83,3233156
077,077-17143444401,83,3233157
077,077-17143511005,83,3233160
077,077-17143511005,83,3233161
077,077-17143633001,83,3233272
077,077-17143633001,83,3233273
077,077-17150231001,81,3233307
077,077-17150231001,81,3233308
077,077-17150231001,81,3233309
077,077-17150233003,83,3233310
077,077-17150233003,83,3233311
077,077-17150233003,83,3233312
077,077-17151121001,83,3233383
077,077-17151121001,83,3233384
077,077-17153133001,81,3233633
077,077-17153133001,81,3233634
077,077-17153243005,83,3233721
077,077-17153243005,83,3233722
077,077-17153341002,81,3233744
077,077-17153341002,81,3233745
077,077-17153434005,81,3233775
077,077-17153434005,81,3233776
077,077-17160111001,81,3233980
077,077-17160111001,81,3233981
077,077-17160413002,81,3233996
077,077-17160413002,81,3233997
077,077-17160413002,81,3233998
077,077-17160641001,81,3234024
077,077-17160641001,81,3234025
077,077-17160641001,81,3234026
077,077-17160641001,81,3234027
077,077-17161921005,83,3234050
077,077-17161921005,83,3234051
077,077-17163211002,81,3234103
077,077-17163211002,81,3234104
077,077-17163321002,81,3234110
077,077-17163321002,81,3234111
077,077-18081334401,81,3234332
077,077-18081334401,81,3234333
077,077-18081341401,81,3234343
077,077-18081341401,81,3234344
077,077-18081343405,81,3234355
077,077-18081343405,81,3234356
077,077-18082421401,81,3234359
077,077-18082421401,81,3234360
077,077-18082421402,81,3234361
077,077-18082421402,81,3234362
077,077-18082421403,81,3234363
077,077-18082421403,81,3234364
077,077-18082421404,81,3234365
077,077-18082421404,81,3234366
077,077-18082421405,81,3234367
077,077-18082421405,81,3234368
077,077-18082421406,81,3234369
077,077-18082421406,81,3234370
077,077-18082424001,81,3234371
077,077-18082424001,81,3234372
077,077-18082533406,81,3234434
077,077-18082533406,81,3234435
077,077-18082533406,81,3234436
077,077-18100422401,83,3234522
077,077-18100422401,83,3234523
077,077-18100541001,83,3234532
077,077-18100541001,83,3234533
077,077-18100631001,81,3234538
077,077-18100631001,81,3234539
077,077-18100741001,81,3234544
077,077-18100741001,81,3234545
077,077-18101122001,81,3234564
077,077-18101122001,81,3234565
077,077-18101213001,81,3234571
077,077-18101213001,81,3234572
077,077-18102731001,81,3234783
077,077-18102731001,81,3234784
077,077-18110211001,83,3234838
077,077-18110211001,83,3234839
077,077-18110212003,83,3234842
077,077-18110212003,83,3234843
077,077-18110232003,83,3234850
077,077-18110232003,83,3234851
077,077-18110232003,83,3234852
077,077-18110631001,81,3234885
077,077-18110631001,81,3234886
077,077-18110632001,83,3234887
077,077-18110632001,83,3234888
077,077-18110632001,83,3234889
077,077-18110641002,83,3234891
077,077-18110641002,83,3234892
077,077-18110821001,83,3234894
077,077-18110821001,83,3234895
077,077-18110911001,83,3234905
077,077-18110911001,83,3234906
077,077-18110922001,83,3234911
077,077-18110922001,83,3234912
077,077-18110922001,83,3234913
077,077-18110932001,81,3234914
077,077-18110932001,81,3234915
077,077-18110933001,81,3234916
077,077-18110933001,81,3234917
077,077-18110934002,81,3234920
077,077-18110934002,81,3234921
077,077-18110934002,81,3234922
077,077-18111031001,83,3234925
077,077-18111031001,83,3234926
077,077-18111034001,83,3234931
077,077-18111034001,83,3234932
077,077-18111411001,83,3234997
077,077-18111411001,83,3234998
077,077-18111512001,83,3235009
077,077-18111512001,83,3235010
077,077-18111531001,83,3235017
077,077-18111531001,83,3235018
077,077-18111532003,83,3235019
077,077-18111532003,83,3235020
077,077-18111542001,83,3235024
077,077-18111542001,83,3235025
077,077-18111632001,83,3235037
077,077-18111632001,83,3235038
077,077-18111712001,83,3235039
077,077-18111712001,83,3235040
077,077-18111714001,81,3235041
077,077-18111714001,81,3235042
077,077-18111813001,81,3235047
077,077-18111813001,81,3235048
077,077-18111821001,81,3235049
077,077-18111821001,81,3235050
077,077-18111821001,81,3235051
077,077-18111824001,83,3235052
077,077-18111824001,83,3235053
077,077-18111914001,83,3235066
077,077-18111914001,83,3235067
077,077-18111923001,83,3235069
077,077-18111923001,83,3235070
077,077-18111924001,83,3235071
077,077-18111924001,83,3235072
077,077-18111931001,83,3235073
077,077-18111931001,83,3235074
077,077-18111942001,83,3235075
077,077-18111942001,83,3235076
077,077-18112112001,83,3235207
077,077-18112112001,83,3235208
077,077-18112242001,83,3235212
077,077-18112242001,83,3235213
077,077-18112312001,83,3235214
077,077-18112312001,83,3235215
077,077-18112322001,81,3235218
077,077-18112322001,81,3235219
077,077-18112331003,83,3235223
077,077-18112331003,83,3235224
077,077-18112411001,83,3235251
077,077-18112411001,83,3235252
077,077-18112423001,83,3235257
077,077-18112423001,83,3235258
077,077-18112432001,83,3235259
077,077-18112432001,83,3235260
077,077-18112521403,83,3235264
077,077-18112521403,83,3235265
077,077-18112913001,83,3235472
077,077-18112913001,83,3235473
077,077-18112913001,83,3235474
077,077-18112913001,83,3235475
077,077-18112914001,83,3235476
077,077-18112914001,83,3235477
077,077-18112933001,83,3235485
077,077-18112933001,83,3235486
077,077-18113013001,83,3235494
077,077-18113013001,83,3235495
077,077-18113021001,81,3235499
077,077-18113021001,81,3235500
077,077-18113041401,83,3235502
077,077-18113041401,83,3235503
077,077-18113044006,81,3235509
077,077-18113044006,81,3235510
077,077-18113111002,83,3235511
077,077-18113111002,83,3235512
077,077-18113111010,83,3235516
077,077-18113111010,83,3235517
077,077-18113111010,83,3235518
077,077-18113113001,83,3235526
077,077-18113113001,83,3235527
077,077-18113121001,81,3235528
077,077-18113121001,81,3235529
077,077-18113212001,83,3235530
077,077-18113212001,83,3235531
077,077-18113212002,81,3235532
077,077-18113212002,81,3235533
077,077-18113221001,83,3235534
077,077-18113221001,83,3235535
077,077-18113313001,83,3235551
077,077-18113313001,83,3235552
077,077-18113422402,83,3235605
077,077-18113422402,83,3235606
077,077-18113422402,83,3235607
077,077-18113422402,83,3235608
077,077-18113422402,83,3235609
077,077-18113431001,83,3235610
077,077-18113431001,83,3235611
077,077-18113612401,83,3235799
077,077-18113612401,83,3235800
077,077-18121224001,83,3237720
077,077-18121224001,83,3237721
077,077-18121242004,81,3237819
077,077-18121242004,81,3237820
077,077-18121723001,83,3237832
077,077-18121723001,83,3237833
077,077-18122511402,83,3237839
077,077-18122511402,83,3237840
077,077-18122511402,83,3237841
077,077-18122514402,83,3237844
077,077-18122514402,83,3237845
077,077-18122514402,83,3237846
077,077-18122534009,83,3237854
077,077-18122534009,83,3237855
077,077-18122542004,83,3237858
077,077-18122542004,83,3237859
077,077-18122634401,83,3237870
077,077-18122634401,83,3237871
077,077-18122644001,81,3237873
077,077-18122644001,81,3237874
077,077-18123622001,83,3237929
077,077-18123622001,83,3237930
077,077-18130231003,81,3238571
077,077-18130231003,81,3238572
077,077-18130244001,81,3238716
077,077-18130244001,81,3238717
077,077-18130511008,81,3239284
077,077-18130511008,81,3239285
077,077-18130632009,83,3239515
077,077-18130632009,83,3239516
077,077-18130634402,83,3239528
077,077-18130634402,83,3239529
077,077-18130711404,83,3239595
077,077-18130711404,83,3239596
077,077-18130722402,83,3239608
077,077-18130722402,83,3239609
077,077-18130821402,81,3239669
077,077-18130821402,81,3239670
077,077-18130831006,83,3239691
077,077-18130831006,83,3239692
077,077-18130943405,83,3239846
077,077-18130943405,83,3239847
077,077-18131113001,81,3239961
077,077-18131113001,81,3239962
077,077-18131522006,81,3242320
077,077-18131522006,81,3242321
077,077-18131522006,81,3242322
077,077-18131712003,81,3243684
077,077-18131712003,81,3243685
077,077-18131811007,81,3244062
077,077-18131811007,81,3244063
077,077-18131811007,81,3244064
077,077-18131822001,81,3244078
077,077-18131822001,81,3244079
077,077-18131822001,81,3244080
077,077-18131822001,81,3244081
077,077-18131822001,81,3244082
077,077-18140542002,83,3266500
077,077-18140542002,83,3266501
077,077-18140544001,83,3266503
077,077-18140544001,83,3266504
077,077-18141421003,83,3267103
077,077-18141421003,83,3267104
077,077-18142043002,83,3267535
077,077-18142043002,83,3267536
077,077-18142142003,81,3267603
077,077-18142142003,81,3267604
077,077-18142143009,83,3267607
077,077-18142143009,83,3267608
077,077-18142723001,83,3269505
077,077-18142723001,83,3269506
077,077-18142911013,83,3269749
077,077-18142911013,83,3269750
077,077-18143122404,81,3270144
077,077-18143122404,81,3270145
077,077-18143131001,81,3270155
077,077-18143131001,81,3270156
077,077-18143131001,81,3270157
077,077-18143323014,81,3270577
077,077-18143323014,81,3270578
077,077-18143411001,81,3270661
077,077-18143411001,81,3270662
077,077-18143644007,81,3272688
077,077-18143644007,81,3272689
077,077-18151822001,83,3272718
077,077-18151822001,83,3272719
077,077-18151823001,83,3272720
077,077-18151823001,83,3272721
077,077-18151832401,83,3272728
077,077-18151832401,83,3272729
077,077-18151833400,83,3272733
077,077-18151833400,83,3272734
077,077-18153233402,83,3272944
077,077-18153233402,83,3272945
077,077-19101922001,83,3273457
077,077-19101922001,83,3273458
077,077-19102033001,81,3273468
077,077-19102033001,81,3273469
077,077-19102034001,81,3273470
077,077-19102034001,81,3273471
077,077-19102043002,83,3273473
077,077-19102043002,83,3273474
077,077-19103322001,83,3273576
077,077-19103322001,83,3273577
077,077-19110141008,83,3273650
077,077-19110141008,83,3273651
077,077-19110142009,83,3273654
077,077-19110142009,83,3273655
077,077-19110143002,81,3273657
077,077-19110143002,81,3273658
077,077-19110813400,83,3273873
077,077-19110813400,83,3273874
077,077-19110813401,83,3273875
077,077-19110813401,83,3273876
077,077-19112232001,83,3276062
077,077-19112232001,83,3276063
077,077-19112244407,83,3276074
077,077-19112244407,83,3276075
077,077-19112244409,83,3276077
077,077-19112244409,83,3276078
077,077-19113121403,83,3276409
077,077-19113121403,83,3276410
077,077-19120224005,83,3277770
077,077-19120224005,83,3277771
077,077-19120234001,83,3277782
077,077-19120234001,83,3277783
077,077-19120234001,83,3277784
077,077-19120234002,83,3277785
077,077-19120234002,83,3277788
077,077-19120511001,81,3277939
077,077-19120511001,81,3277940
077,077-19120511001,81,3277941
077,077-19120514006,81,3277944
077,077-19120514006,81,3277945
077,077-19120514006,81,3277946
077,077-19120514006,81,3277947
077,077-19120514006,81,3277948
077,077-19120541003,81,3278474
077,077-19120541003,81,3278475
077,077-19120541003,81,3278476
077,077-19120541003,81,3278477
077,077-19120541003,81,3278478
077,077-19120541003,81,3278479
077,077-19120541003,81,3278480
077,077-19120541003,81,3278481
077,077-19120541003,81,3278482
077,077-19120541003,81,3278483
077,077-19120812003,81,3278802
077,077-19120812003,81,3278803
077,077-19120812003,81,3278804
077,077-19120813002,81,3278806
077,077-19120813002,81,3278807
077,077-19120841001,81,3279174
077,077-19120841001,81,3279175
077,077-19120842002,81,3279176
077,077-19120842002,81,3279177
077,077-19120842002,81,3279178
077,077-19120842002,81,3279179
077,077-19120843001,81,3279180
077,077-19120843001,81,3279181
077,077-19120843001,81,3279182
077,077-19120843001,81,3279183
077,077-19120843001,81,3279184
077,077-19120843001,81,3279185
077,077-19120844001,81,3279186
077,077-19120844001,81,3279187
077,077-19120844001,81,3279188
077,077-19120844001,81,3279189
077,077-19120931001,81,3279221
077,077-19120931001,81,3279222
077,077-19121011002,83,3279287
077,077-19121011002,83,3279291
077,077-19121011002,83,3279292
077,077-19121712401,81,3279554
077,077-19121712401,81,3279555
077,077-19121712401,81,3279556
077,077-19121724001,81,3279576
077,077-19121724001,81,3279577
077,077-19121724001,81,3279578
077,077-19121724001,81,3279579
077,077-19121731001,81,3279580
077,077-19121731001,81,3279581
077,077-19122022001,83,3279642
077,077-19122022001,83,3279643
077,077-19122023008,81,3279652
077,077-19122023008,81,3279653
077,077-19122024001,83,3279654
077,077-19122024001,83,3279655
077,077-19122034900,81,3279666
077,077-19122034900,81,3279667
077,077-19122633002,83,3279753
077,077-19122633002,83,3279754
077,077-19122633003,83,3279755
077,077-19122633003,83,3279756
077,077-19122814011,83,3279852
077,077-19122814011,83,3279853
077,077-19122841002,81,3279864
077,077-19122841002,81,3279865
077,077-19123022001,83,3280051
077,077-19123022001,83,3280052
077,077-19123022001,83,3280053
077,077-19123022001,83,3280054
077,077-19123022001,83,3280055
077,077-19123022004,83,3280058
077,077-19123022004,83,3280059
077,077-19123531003,81,3280209
077,077-19123531003,81,3280210
077,077-19123532001,81,3280212
077,077-19123532001,81,3280213
077,077-19123532001,81,3280214
077,077-19123532001,81,3280215
077,077-19123534003,81,3280216
077,077-19123534003,81,3280217
077,077-19123534003,81,3280218
077,077-19132344413,83,3287293
077,077-19132344413,83,3287294
077,077-19132543001,83,3287450
077,077-19132543001,83,3287451
077,077-19132621002,83,3287470
077,077-19132621002,83,3287471
077,077-19132621004,83,3287473
077,077-19132621004,83,3287474
077,077-19132713403,83,3287585
077,077-19132713403,83,3287586
077,077-19132713404,83,3287587
077,077-19132713404,83,3287588
077,077-19132721009,83,3287592
077,077-19132721009,83,3287593
077,077-19132721402,83,3287595
077,077-19132721402,83,3287596
077,077-19132742002,83,3287625
077,077-19132742002,83,3287626
077,077-19132742005,83,3287627
077,077-19132742005,83,3287628
077,077-19132744001,83,3287640
077,077-19132744001,83,3287641
077,077-19133521002,83,3290974
077,077-19133521002,83,3290975
077,077-19133521002,83,3290976
077,077-19133522003,83,3290981
077,077-19133522003,83,3290982
077,077-19133522003,83,3290983
077,077-19133542004,83,3291056
077,077-19133542004,83,3291057
077,077-19141741401,83,3291332
077,077-19141741401,83,3291333
077,077-20091924001,83,3292409
077,077-20091924001,83,3292410
077,077-20100223401,83,3292419
077,077-20100223401,83,3292420
077,077-20100513001,81,3294488
077,077-20100513001,81,3294489
077,077-20100513001,81,3294490
077,077-20100513001,81,3294491
077,077-20100513001,81,3294492
077,077-20100532001,83,3294519
077,077-20100532001,83,3294520
077,077-20100612001,81,3294563
077,077-20100612001,81,3294564
077,077-20100613001,81,3294565
077,077-20100613001,81,3294566
077,077-20100641402,83,3294579
077,077-20100641402,83,3294580
077,077-20101332003,83,3295374
077,077-20101332003,83,3295375
077,077-20101421001,81,3295378
077,077-20101421001,81,3295379
077,077-20101532001,83,3295405
077,077-20101532001,83,3295406
077,077-20101532001,83,3295407
077,077-20101533001,83,3295408
077,077-20101533001,83,3295409
077,077-20101533001,83,3295410
077,077-20101644406,83,3295487
077,077-20101644406,83,3295488
077,077-20102221001,83,3295561
077,077-20102221001,83,3295562
077,077-20102224001,81,3295563
077,077-20102224001,81,3295564
077,077-20102421001,83,3295598
077,077-20102421001,83,3295599
077,077-20102423001,83,3295600
077,077-20102423001,83,3295601
077,077-20102621001,83,3295611
077,077-20102621001,83,3295612
077,077-20102622001,83,3295613
077,077-20102622001,83,3295614
077,077-20102642001,83,3295615
077,077-20102642001,83,3295616
077,077-20102642001,83,3295617
077,077-20102731001,83,3295626
077,077-20102731001,83,3295627
077,077-20102734001,83,3295628
077,077-20102734001,83,3295629
077,077-20102843001,81,3295636
077,077-20102843001,81,3295637
077,077-20103111001,81,3295647
077,077-20103111001,81,3295648
077,077-20103111001,81,3295649
077,077-20103111001,81,3295650
077,077-20103111002,81,3295651
077,077-20103111002,81,3295652
077,077-20103222002,81,3295660
077,077-20103222002,81,3295661
077,077-20103222002,81,3295662
077,077-20103223001,81,3295663
077,077-20103223001,81,3295664
077,077-20103241001,81,3295665
077,077-20103241001,81,3295666
077,077-20103311001,81,3295667
077,077-20103311001,81,3295668
077,077-20103311001,81,3295669
077,077-20103311001,81,3295670
077,077-20103321001,81,3295671
077,077-20103321001,81,3295672
077,077-20103321001,81,3295673
077,077-20103321001,81,3295674
077,077-20103321001,81,3295675
077,077-20103321001,81,3295676
077,077-20103321002,81,3295677
077,077-20103321002,81,3295678
077,077-20103321002,81,3295679
077,077-20103322001,81,3295680
077,077-20103322001,81,3295681
077,077-20103322001,81,3295682
077,077-20103412001,83,3295687
077,077-20103412001,83,3295688
077,077-20103412001,83,3295689
077,077-20103614001,81,3295691
077,077-20103614001,81,3295692
077,077-20110441003,83,3295885
077,077-20110441003,83,3295886
077,077-20110443401,83,3295891
077,077-20110443401,83,3295892
077,077-20110513400,83,3295909
077,077-20110513400,83,3295910
077,077-20110611402,83,3295954
077,077-20110611402,83,3295955
077,077-20110612403,83,3295958
077,077-20110612403,83,3295959
077,077-20110613001,83,3295960
077,077-20110613001,83,3295961
077,077-20110613001,83,3295962
077,077-20110613001,83,3295963
077,077-20110613001,83,3295964
077,077-20110614001,83,3295965
077,077-20110614001,83,3295966
077,077-20110614001,83,3295967
077,077-20110634005,83,3295982
077,077-20110634005,83,3295983
077,077-20110721002,83,3296069
077,077-20110721002,83,3296070
077,077-20110721002,83,3296071
077,077-20110722004,83,3296076
077,077-20110722004,83,3296077
077,077-20110722007,81,3296079
077,077-20110722007,81,3296080
077,077-20110722008,81,3296081
077,077-20110722008,81,3296082
077,077-20110724002,83,3296083
077,077-20110724002,83,3296084
077,077-20110742001,81,3296092
077,077-20110742001,81,3296093
077,077-20111111409,83,3296314
077,077-20111111409,83,3296315
077,077-20111131002,83,3296337
077,077-20111131002,83,3296338
077,077-20111132003,83,3296340
077,077-20111132003,83,3296341
077,077-20111224001,83,3296382
077,077-20111224001,83,3296383
077,077-20111343001,83,3296431
077,077-20111343001,83,3296432
077,077-20111431003,83,3296450
077,077-20111431003,83,3296451
077,077-20111632003,81,3296626
077,077-20111632003,81,3296627
077,077-20111721004,81,3296685
077,077-20111721004,81,3296686
077,077-20112413401,81,3297301
077,077-20112413401,81,3297302
077,077-20112413403,81,3297305
077,077-20112413403,81,3297306
077,077-20112414400,81,3297307
077,077-20112414400,81,3297308
077,077-20112441400,81,3297353
077,077-20112441400,81,3297354
077,077-20112713004,81,3298119
077,077-20112713004,81,3298120
077,077-20112811005,81,3298130
077,077-20112811005,81,3298131
077,077-20112812003,81,3298134
077,077-20112812003,81,3298135
077,077-20112812003,81,3298136
077,077-20112812003,81,3298137
077,077-20112841001,81,3298152
077,077-20112841001,81,3298153
077,077-20112911402,83,3298155
077,077-20112911402,83,3298156
077,077-20112923401,83,3298164
077,077-20112923401,83,3298165
077,077-20113213001,83,3298246
077,077-20113213001,83,3298247
077,077-20113334003,83,3298343
077,077-20113334003,83,3298344
077,077-20113423003,81,3298356
077,077-20113423003,81,3298357
077,077-20113431003,83,3298360
077,077-20113431003,83,3298361
077,077-20113432002,83,3298362
077,077-20113432002,83,3298363
077,077-20113434002,83,3298365
077,077-20113434002,83,3298366
077,077-20113443002,83,3298367
077,077-20113443002,83,3298368
077,077-20113522001,81,3298373
077,077-20113522001,81,3298374
077,077-20113622017,81,3298672
077,077-20113622017,81,3298673
077,077-20113622017,81,3298674
077,077-20120621001,83,3298885
077,077-20120621001,83,3298886
077,077-20120621001,83,3298887
077,077-20120624001,83,3298898
077,077-20120624001,83,3298899
077,077-20120624002,83,3298900
077,077-20120624002,83,3298901
077,077-20120731001,83,3299253
077,077-20120731001,83,3299254
077,077-20120731002,83,3299255
077,077-20120731002,83,3299256
077,077-20120741001,83,3299268
077,077-20120741001,83,3299269
077,077-20120741004,83,3299272
077,077-20120741004,83,3299273
077,077-20120741004,83,3299274
077,077-20120742001,83,3299275
077,077-20120742001,83,3299276
077,077-20120811004,83,3299282
077,077-20120811004,83,3299283
077,077-20120921001,83,3299323
077,077-20120921001,83,3299324
077,077-20120923402,83,3299326
077,077-20120923402,83,3299327
077,077-20120931002,81,3299328
077,077-20120931002,81,3299329
077,077-20120932001,81,3299330
077,077-20120932001,81,3299331
077,077-20120942401,83,3299336
077,077-20120942401,83,3299337
077,077-20121311002,83,3299437
077,077-20121311002,83,3299438
077,077-20121321001,83,3299439
077,077-20121321001,83,3299440
077,077-20121323002,83,3299442
077,077-20121323002,83,3299443
077,077-20121331003,83,3299444
077,077-20121331003,83,3299445
077,077-20121331003,83,3299446
077,077-20121344001,83,3299450
077,077-20121344001,83,3299451
077,077-20121424001,83,3299466
077,077-20121424001,83,3299467
077,077-20121441001,83,3299470
077,077-20121441001,83,3299471
077,077-20121811001,83,3299521
077,077-20121811001,83,3299522
077,077-20121813001,83,3299524
077,077-20121813001,83,3299525
077,077-20121813002,81,3299526
077,077-20121813002,81,3299527
077,077-20121824001,83,3299538
077,077-20121824001,83,3299539
077,077-20121831001,83,3299540
077,077-20121831001,83,3299541
077,077-20122012001,81,3299578
077,077-20122012001,81,3299579
077,077-20122821002,81,3299613
077,077-20122821002,81,3299614
077,077-20122833001,81,3299621
077,077-20122833001,81,3299622
077,077-20122912001,83,3299630
077,077-20122912001,83,3299631
077,077-20123041402,83,3299670
077,077-20123041402,83,3299671
077,077-20123044004,81,3299678
077,077-20123044004,81,3299679
077,077-20123141004,83,3299731
077,077-20123141004,83,3299732
077,077-20123212003,83,3299739
077,077-20123212003,83,3299740
077,077-20123212003,83,3299741
077,077-20123212003,83,3299742
077,077-20123223003,81,3299745
077,077-20123223003,81,3299746
077,077-20123231002,83,3299748
077,077-20123231002,83,3299749
077,077-20123231002,83,3299750
077,077-20123434002,81,3299798
077,077-20123434002,81,3299799
077,077-21071321001,83,3300846
077,077-21071321001,83,3300847
077,077-21071411002,83,3300848
077,077-21071411002,83,3300849
077,077-21072031002,83,3300857
077,077-21072031002,83,3300858
077,077-21072114001,83,3300862
077,077-21072114001,83,3300863
077,077-21072131001,83,3300866
077,077-21072131001,83,3300867
077,077-21072133001,83,3300869
077,077-21072133001,83,3300870
077,077-21072134001,83,3300871
077,077-21072134001,83,3300872
077,077-21072141001,83,3300873
077,077-21072141001,83,3300874
077,077-21072142001,83,3300875
077,077-21072142001,83,3300876
077,077-21072911001,83,3300908
077,077-21072911001,83,3300909
077,077-21072911001,83,3300910
077,077-21073534001,83,3300952
077,077-21073534001,83,3300953
077,077-21090133003,83,3300961
077,077-21090133003,83,3300962
077,077-21090212001,81,3300965
077,077-21090212001,81,3300966
077,077-21090713001,83,3300975
077,077-21090713001,83,3300976
077,077-21090713001,83,3300977
077,077-21090823001,83,3300978
077,077-21090823001,83,3300979
077,077-21090833001,81,3300980
077,077-21090833001,81,3300981
077,077-21091122001,83,3300997
077,077-21091122001,83,3300998
077,077-21091141001,83,3301000
077,077-21091141001,83,3301001
077,077-21091143001,83,3301002
077,077-21091143001,83,3301003
077,077-21091143001,83,3301004
077,077-21091211003,81,3301005
077,077-21091211003,81,3301006
077,077-21091211003,81,3301007
077,077-21091213001,83,3301009
077,077-21091213001,83,3301010
077,077-21091423001,83,3301027
077,077-21091423001,83,3301028
077,077-21091824001,83,3301053
077,077-21091824001,83,3301054
077,077-21092134001,81,3301067
077,077-21092134001,81,3301068
077,077-21092411001,81,3301079
077,077-21092411001,81,3301080
077,077-21092633001,81,3301097
077,077-21092633001,81,3301098
077,077-21092634001,81,3301099
077,077-21092634001,81,3301100
077,077-21092731002,83,3301109
077,077-21092731002,83,3301110
077,077-21092811001,81,3301113
077,077-21092811001,81,3301114
077,077-21100121402,83,3301138
077,077-21100121402,83,3301139
077,077-21100131401,83,3301149
077,077-21100131401,83,3301150
077,077-21100441003,83,3301480
077,077-21100441003,83,3301481
077,077-21100444001,83,3301493
077,077-21100444001,83,3301494
077,077-21100532002,81,3301569
077,077-21100532002,81,3301570
077,077-21100834001,81,3301659
077,077-21100834001,81,3301660
077,077-21100834001,81,3301661
077,077-21100834001,81,3301662
077,077-21100844001,81,3301670
077,077-21100844001,81,3301671
077,077-21101211401,83,3301949
077,077-21101211401,83,3301950
077,077-21101212005,83,3301957
077,077-21101212005,83,3301958
077,077-21101442001,83,3302102
077,077-21101442001,83,3302103
077,077-21101622400,81,3302323
077,077-21101622400,81,3302324
077,077-21101632001,83,3302334
077,077-21101632001,83,3302337
077,077-21101913001,83,3302582
077,077-21101913001,83,3302583
077,077-21101923003,83,3302586
077,077-21101923003,83,3302587
077,077-21102021001,83,3302590
077,077-21102021001,83,3302591
077,077-21102031001,83,3302592
077,077-21102031001,83,3302593
077,077-21102242002,81,3303297
077,077-21102242002,81,3303298
077,077-21102512001,83,3303410
077,077-21102512001,83,3303411
077,077-21102611001,83,3303432
077,077-21102611001,83,3303433
077,077-21102613001,83,3303439
077,077-21102613001,83,3303440
077,077-21102613001,83,3303441
077,077-21102621002,83,3303447
077,077-21102621002,83,3303448
077,077-21102623004,83,3303459
077,077-21102623004,83,3303460
077,077-21102624003,83,3303464
077,077-21102624003,83,3303465
077,077-21102624006,83,3303467
077,077-21102624006,83,3303468
077,077-21102642001,83,3303475
077,077-21102642001,83,3303476
077,077-21102934001,81,3303501
077,077-21102934001,81,3303502
077,077-21102934001,81,3303503
077,077-21102934001,81,3303504
077,077-21103111001,81,3303517
077,077-21103111001,81,3303518
077,077-21103211004,83,3303520
077,077-21103211004,83,3303521
077,077-21103211004,83,3303522
077,077-21103212001,81,3303523
077,077-21103212001,81,3303524
077,077-21110744001,81,3303575
077,077-21110744001,81,3303576
077,077-21111711900,81,3303614
077,077-21111711900,81,3303615
077,077-21111733001,83,3303623
077,077-21111733001,83,3303624
077,077-21112022004,83,3303692
077,077-21112022004,83,3303693
077,077-21112041001,83,3303711
077,077-21112041001,83,3303712
077,077-21112113002,81,3303724
077,077-21112113002,81,3303725
077,077-21112124001,81,3303734
077,077-21112124001,81,3303735
077,077-21112141002,83,3303752
077,077-21112141002,83,3303753
077,077-21112243002,83,3303870
077,077-21112243002,83,3303871
077,077-21112712001,83,3303946
077,077-21112712001,83,3303947
077,077-21112932407,81,3304007
077,077-21112932407,81,3304008
077,077-21113333010,83,3304462
077,077-21113333010,83,3304463
077,077-21121711002,83,3304580
077,077-21121711002,83,3304581
077,077-22070111002,83,3304888
077,077-22070111002,83,3304889
077,077-22070213002,81,3304895
077,077-22070213002,81,3304896
077,077-22070213002,81,3304897
077,077-22070213002,81,3304898
077,077-22070214001,83,3304899
077,077-22070214001,83,3304900
077,077-22070232001,83,3304902
077,077-22070232001,83,3304903
077,077-22070242006,83,3304908
077,077-22070242006,83,3304909
077,077-22070242006,83,3304910
077,077-22070242006,83,3304911
077,077-22070341002,81,3304917
077,077-22070341002,81,3304918
077,077-22070341002,81,3304919
077,077-22070413401,83,3304924
077,077-22070413401,83,3304925
077,077-22070711001,83,3304933
077,077-22070711001,83,3304934
077,077-22070723002,83,3304935
077,077-22070723002,83,3304936
077,077-22070734001,83,3304939
077,077-22070734001,83,3304940
077,077-22070741001,83,3304941
077,077-22070741001,83,3304942
077,077-22070811001,83,3304944
077,077-22070811001,83,3304945
077,077-22071112002,83,3304956
077,077-22071112002,83,3304957
077,077-22071113002,83,3304958
077,077-22071113002,83,3304959
077,077-22071131002,83,3304962
077,077-22071131002,83,3304963
077,077-22071143003,83,3304965
077,077-22071143003,83,3304966
077,077-22071211001,83,3304968
077,077-22071211001,83,3304969
077,077-22071412002,83,3304978
077,077-22071412002,83,3304979
077,077-22071424003,83,3304984
077,077-22071424003,83,3304985
077,077-22071424005,83,3304986
077,077-22071424005,83,3304987
077,077-22071431001,83,3304988
077,077-22071431001,83,3304989
077,077-22072311002,83,3305028
077,077-22072311002,83,3305029
077,077-22072341002,83,3305032
077,077-22072341002,83,3305033
077,077-22072421002,83,3305035
077,077-22072421002,83,3305036
077,077-22072511002,83,3305037
077,077-22072511002,83,3305038
077,077-22072511002,83,3305039
077,077-22072611001,83,3305040
077,077-22072611001,83,3305041
077,077-22073021001,83,3305057
077,077-22073021001,83,3305058
077,077-22073043001,83,3305060
077,077-22073043001,83,3305061
077,077-22080131420,83,3305522
077,077-22080131420,83,3305523
077,077-22080133002,83,3305534
077,077-22080133002,83,3305535
077,077-22080144422,83,3305586
077,077-22080144422,83,3305587
077,077-22080211403,83,3305592
077,077-22080211403,83,3305593
077,077-22080221003,83,3305598
077,077-22080221003,83,3305599
077,077-22080224001,83,3305601
077,077-22080224001,83,3305602
077,077-22080224001,83,3305603
077,077-22080231002,83,3305604
077,077-22080231002,83,3305605
077,077-22080231002,83,3305606
077,077-22080244003,83,3305612
077,077-22080244003,83,3305613
077,077-22080333001,83,3305616
077,077-22080333001,83,3305617
077,077-22080341001,83,3305618
077,077-22080341001,83,3305619
077,077-22081011001,83,3305641
077,077-22081011001,83,3305642
077,077-22081123001,81,3305647
077,077-22081123001,81,3305648
077,077-22081132001,83,3305650
077,077-22081132001,83,3305651
077,077-22081221006,83,3305658
077,077-22081221006,83,3305659
077,077-22081311001,83,3305676
077,077-22081311001,83,3305677
077,077-22081511001,81,3305688
077,077-22081511001,81,3305689
077,077-22082423001,81,3305715
077,077-22082423001,81,3305716
077,077-22082431001,83,3305719
077,077-22082431001,83,3305720
077,077-22082511001,83,3305721
077,077-22082511001,83,3305722
077,077-22082611002,83,3305723
077,077-22082611002,83,3305724
077,077-22082631004,83,3305729
077,077-22082631004,83,3305730
077,077-22082641001,81,3305731
077,077-22082641001,81,3305732
077,077-22083521001,81,3305797
077,077-22083521001,81,3305798
077,077-22083524001,81,3305802
077,077-22083524001,81,3305803
077,077-22083531001,81,3305804
077,077-22083531001,81,3305844
077,077-22083542001,81,3305849
077,077-22083542001,81,3305850
077,077-22083544001,81,3305852
077,077-22083544001,81,3305853
077,077-22090242002,83,3305968
077,077-22090242002,83,3305969
077,077-22090314002,81,3305989
077,077-22090314002,81,3305990
077,077-22090411002,81,3306041
077,077-22090411002,81,3306042
077,077-22090531001,81,3306094
077,077-22090531001,81,3306095
077,077-22090611002,83,3306107
077,077-22090611002,83,3306108
077,077-22090611002,83,3306109
077,077-22090641001,81,3306110
077,077-22090641001,81,3306111
077,077-22091111003,83,3306229
077,077-22091111003,83,3306230
077,077-22091111003,83,3306231
077,077-22091113003,83,3306233
077,077-22091113003,83,3306234
077,077-22091223006,81,3306300
077,077-22091223006,81,3306301
077,077-22091231005,83,3306305
077,077-22091231005,83,3306306
077,077-22091322001,83,3306388
077,077-22091322001,83,3306389
077,077-22091322001,83,3306390
077,077-22091323002,83,3306394
077,077-22091323002,83,3306395
077,077-22091323006,83,3306399
077,077-22091323006,83,3306400
077,077-22091632003,83,3306577
077,077-22091632003,83,3306578
077,077-22091711001,81,3306587
077,077-22091711001,81,3306588
077,077-22091711001,81,3306589
077,077-22091711001,81,3306590
077,077-22091812001,81,3306592
077,077-22091812001,81,3306593
077,077-22092011002,81,3306601
077,077-22092011002,81,3306602
077,077-22092012001,81,3306603
077,077-22092012001,81,3306604
077,077-22092211001,81,3306609
077,077-22092211001,81,3306610
077,077-22092213001,81,3306612
077,077-22092213001,81,3306613
077,077-22092232001,81,3306619
077,077-22092232001,81,3306620
077,077-22092241001,81,3306621
077,077-22092241001,81,3306622
077,077-22092241001,81,3306623
077,077-22092241001,81,3306624
077,077-22092322002,83,3306638
077,077-22092322002,83,3306639
077,077-22092322002,83,3306640
077,077-22092332001,81,3306643
077,077-22092332001,81,3306644
077,077-22092422002,83,3306663
077,077-22092422002,83,3306664
077,077-22092513001,81,3306693
077,077-22092513001,81,3306694
077,077-22092513002,81,3306695
077,077-22092513002,81,3306696
077,077-22092521001,81,3306703
077,077-22092521001,81,3306704
077,077-22092521001,81,3306705
077,077-22092833001,81,3306718
077,077-22092833001,81,3306719
077,077-22092914001,83,3306725
077,077-22092914001,83,3306726
077,077-22093311001,83,3306745
077,077-22093311001,83,3306746
077,077-22093423001,83,3306752
077,077-22093423001,83,3306753
077,077-22093631005,83,3306773
077,077-22093631005,83,3306774
077,077-22100431002,83,3306925
077,077-22100431002,83,3306926
077,077-22100431002,83,3306927
077,077-22100431002,83,3306928
077,077-22100432001,83,3306929
077,077-22100432001,83,3306930
077,077-22100514402,83,3306955
077,077-22100514402,83,3306956
077,077-22100531003,83,3306962
077,077-22100531003,83,3306963
077,077-22100611006,83,3306977
077,077-22100611006,83,3306978
077,077-22100823006,83,3307059
077,077-22100823006,83,3307060
077,077-22101111006,83,3307153
077,077-22101111006,83,3307154
077,077-22101213001,83,3307223
077,077-22101213001,83,3307224
077,077-22101221001,83,3307226
077,077-22101221001,83,3307227
077,077-22101222001,83,3307228
077,077-22101222001,83,3307229
077,077-22101642004,83,3307553
077,077-22101642004,83,3307554
077,077-22101643001,83,3307555
077,077-22101643001,83,3307556
077,077-22101644001,83,3307557
077,077-22101644001,83,3307558
077,077-22101711005,83,3307561
077,077-22101711005,83,3307562
077,077-22101842402,83,3307658
077,077-22101842402,83,3307659
077,077-22101914003,83,3307680
077,077-22101914003,83,3307681
077,077-22102011001,83,3307723
077,077-22102011001,83,3307724
077,077-22102013003,83,3307732
077,077-22102013003,83,3307733
077,077-22102223001,81,3307907
077,077-22102223001,81,3307908
077,077-22102323002,83,3308002
077,077-22102323002,83,3308003
077,077-22102334002,81,3308033
077,077-22102334002,81,3308034
077,077-22103022003,83,3311601
077,077-22103022003,83,3311602
077,077-22103023001,81,3311603
077,077-22103023001,81,3311604
077,077-22103024001,83,3311605
077,077-22103024001,83,3311606
077,077-22103031901,81,3311608
077,077-22103031901,81,3311609
077,077-22103042001,81,3311615
077,077-22103042001,81,3311616
077,077-22103124003,83,3311630
077,077-22103124003,83,3311631
077,077-22103131001,83,3311636
077,077-22103131001,83,3311637
077,077-22103132001,83,3311638
077,077-22103132001,83,3311639
077,077-22103132002,83,3311640
077,077-22103132002,83,3311641
077,077-22103141002,83,3311650
077,077-22103141002,83,3311651
077,077-22103142009,83,3311655
077,077-22103142009,83,3311656
077,077-22103232002,83,3311673
077,077-22103232002,83,3311674
077,077-22103232002,83,3311675
077,077-22103234001,83,3311679
077,077-22103234001,83,3311680
077,077-22103234001,83,3311681
077,077-22103244001,83,3311685
077,077-22103244001,83,3311686
077,077-22103244001,83,3311687
077,077-22103244002,83,3311688
077,077-22103244002,83,3311689
077,077-22103332001,83,3311712
077,077-22103332001,83,3311713
077,077-22103414005,81,3311818
077,077-22103414005,81,3311819
077,077-22103443016,83,3311862
077,077-22103443016,83,3311863
077,077-22103523003,83,3312266
077,077-22103523003,83,3312267
077,077-22112732001,83,3313069
077,077-22112732001,83,3313070
077,077-22113311001,83,3313154
077,077-22113311001,83,3313155
077,077-22113311001,83,3313156
077,077-22113312002,83,3313157
077,077-22113312002,83,3313158
077,077-22113511005,83,3313195
077,077-22113511005,83,3313196
077,077-22113523001,83,3313199
077,077-22113523001,83,3313200
077,077-22113523001,83,3313201
077,077-22113523001,83,3313202
077,077-22120821001,83,3313225
077,077-22120821001,83,3313226
077,077-22121542001,83,3313266
077,077-22121542001,83,3313267
077,077-22121542001,83,3313268
077,077-23070611001,83,3313461
077,077-23070611001,83,3313462
077,077-23070612001,83,3313463
077,077-23070612001,83,3313464
077,077-23070711002,83,3313469
077,077-23070711002,83,3313470
077,077-23070711002,83,3313471
077,077-23071011001,83,3313478
077,077-23071011001,83,3313479
077,077-23071411001,83,3313485
077,077-23071411001,83,3313486
077,077-23071922002,83,3313499
077,077-23071922002,83,3313500
077,077-23072711001,83,3313512
077,077-23072711001,83,3313513
077,077-23080333002,83,3313609
077,077-23080333002,83,3313610
077,077-23080441002,83,3313636
077,077-23080441002,83,3313637
077,077-23080723400,83,3313766
077,077-23080723400,83,3313767
077,077-23080741001,83,3313775
077,077-23080741001,83,3313776
077,077-23080741001,83,3313777
077,077-23081021002,81,3313867
077,077-23081021002,81,3313868
077,077-23081032007,83,3313881
077,077-23081032007,83,3313882
077,077-23081044002,81,3313892
077,077-23081044002,81,3313893
077,077-23081311003,83,3313967
077,077-23081311003,83,3313968
077,077-23081311003,83,3313969
077,077-23081411003,83,3313991
077,077-23081411003,83,3313992
077,077-23081711001,83,3314007
077,077-23081711001,83,3314008
077,077-23081711001,83,3314009
077,077-23081712001,83,3314010
077,077-23081712001,83,3314011
077,077-23082021001,83,3314033
077,077-23082021001,83,3314034
077,077-23082311001,83,3314038
077,077-23082311001,83,3314039
077,077-23082611002,83,3314042
077,077-23082611002,83,3314043
077,077-23083113001,83,3314050
077,077-23083113001,83,3314051
077,077-23083131001,83,3314052
077,077-23083131001,83,3314053
077,077-23083131001,83,3314054
077,077-23090223003,83,3314121
077,077-23090223003,83,3314122
077,077-23090341001,83,3314170
077,077-23090341001,83,3314171
077,077-23090621001,83,3314307
077,077-23090621001,83,3314308
077,077-23090833001,83,3314493
077,077-23090833001,83,3314494
077,077-23090834002,83,3314496
077,077-23090834002,83,3314497
077,077-23091041003,83,3314600
077,077-23091041003,83,3314601
077,077-23091111002,83,3314603
077,077-23091111002,83,3314604
077,077-23091114004,83,3314615
077,077-23091114004,83,3314616
077,077-23091121001,83,3314617
077,077-23091121001,83,3314618
077,077-23091142001,83,3314649
077,077-23091142001,83,3314650
077,077-23091221001,83,3314662
077,077-23091221001,83,3314663
077,077-23091611001,81,3315584
077,077-23091611001,81,3315585
077,077-23091612001,83,3315586
077,077-23091612001,83,3315587
077,077-23091623001,83,3315597
077,077-23091623001,83,3315598
077,077-23091624002,81,3315600
077,077-23091624002,81,3315601
077,077-23091631001,83,3315609
077,077-23091631001,83,3315610
077,077-23091641001,83,3315619
077,077-23091641001,83,3315620
077,077-23091724001,81,3315637
077,077-23091724001,81,3315638
077,077-23091742404,83,3315669
077,077-23091742404,83,3315670
077,077-23091811002,81,3315675
077,077-23091811002,81,3315676
077,077-23092141416,83,3316012
077,077-23092141416,83,3316013
077,077-23092223002,83,3316284
077,077-23092223002,83,3316285
077,077-23092243451,83,3316943
077,077-23092243451,83,3316944
077,077-23092524002,83,3318636
077,077-23092524002,83,3318637
077,077-23092611001,83,3318687
077,077-23092611001,83,3318688
077,077-23092731010,83,3319272
077,077-23092731010,83,3319273
077,077-23092734002,83,3319288
077,077-23092734002,83,3319289
077,077-23092822004,83,3319340
077,077-23092822004,83,3319341
077,077-23092822004,83,3319342
077,077-23092842401,83,3319370
077,077-23092842401,83,3319371
077,077-23092924001,83,3319408
077,077-23092924001,83,3319409
077,077-23093443002,83,3319881
077,077-23093443002,83,3319882
077,077-23093512006,83,3319895
077,077-23093512006,83,3319896
077,077-23093613002,81,3319958
077,077-23093613002,81,3319959
077,077-23093631002,83,3319978
077,077-23093631002,83,3319979
077,077-23093643002,83,3320020
077,077-23093643002,83,3320021
077,077-23100432001,81,3320043
077,077-23100432001,81,3320044
077,077-23100521002,83,3320051
077,077-23100521002,83,3320052
077,077-23100531001,83,3320056
077,077-23100531001,83,3320057
077,077-23100542002,83,3320062
077,077-23100542002,83,3320063
077,077-23100543002,83,3320066
077,077-23100543002,83,3320067
077,077-23100821001,83,3320126
077,077-23100821001,83,3320127
077,077-23100823001,83,3320128
077,077-23100823001,83,3320129
077,077-23101041401,83,3320165
077,077-23101041401,83,3320166
077,077-23101131004,83,3320179
077,077-23101131004,83,3320180
077,077-23101131004,83,3320181
077,077-23101713001,83,3320258
077,077-23101713001,83,3320259
077,077-23101831001,83,3320293
077,077-23101831001,83,3320294
077,077-23101931006,83,3320356
077,077-23101931006,83,3320357
077,077-23102113001,83,3320498
077,077-23102113001,83,3320499
077,077-23102113003,83,3320501
077,077-23102113003,83,3320502
077,077-23102134406,83,3320529
077,077-23102134406,83,3320530
077,077-23102431002,83,3320587
077,077-23102431002,83,3320588
077,077-23103613004,83,3321433
077,077-23103613004,83,3321434
077,077-23110311001,83,3321459
077,077-23110311001,83,3321460
077,077-23111021002,83,3321467
077,077-23111021002,83,3321468
077,077-23112111001,83,3321479
077,077-23112111001,83,3321480
077,077-23112811003,83,3321489
077,077-23112811003,83,3321490
077,077-23112831001,83,3321492
077,077-23112831001,83,3321493
077,077-23113131002,83,3321523
077,077-23113131002,83,3321524
077,077-23113244001,83,3321538
077,077-23113244001,83,3321539
077,077-23121111001,81,3321570
077,077-23121111001,81,3321571
077,077-23121711001,83,3321592
077,077-23121711001,83,3321593
077,077-23122521401,81,3321624
077,077-23122521401,81,3321625
077,077-23122521403,81,3321627
077,077-23122521403,81,3321628
077,077-23122521405,81,3321629
077,077-23122521405,81,3321630
077,077-23122521407,81,3321632
077,077-23122521407,81,3321633
077,077-23122521408,83,3321634
077,077-23122521408,83,3321635
077,077-23122521408,83,3321636
077,077-23122521409,81,3321637
077,077-23122521409,81,3321638
077,077-23122611001,81,3321648
077,077-23122611001,81,3321649
077,077-23122612001,83,3321650
077,077-23122612001,83,3321651
077,077-23122833001,83,3321653
077,077-23122833001,83,3321654
077,077-23123511001,83,3321663
077,077-23123511001,83,3321664
077,077-23130321002,83,3321672
077,077-23130321002,83,3321673
077,077-23131231001,83,3321693
077,077-23131231001,83,3321694
077,077-23131241001,81,3321695
077,077-23131241001,81,3321696
077,077-23131241002,83,3321697
077,077-23131241002,83,3321698
077,077-23132311001,83,3321725
077,077-23132311001,83,3321726
077,077-23132511001,83,3321728
077,077-23132511001,83,3321729
